Continent,Country,Total_Cases,Total_tests,Positive_rate
Asia,Afghanistan,155540,,
Europe,Albania,175163,,
Africa,Algeria,204695,,
Europe,Andorra,15307,215733,0.054
Africa,Angola,61580,,
North America,Anguilla,,,
North America,Antigua and Barbuda,3750,,
South America,Argentina,5266275,24156096,0.019
Asia,Armenia,272957,1770914,0.102
North America,Aruba,,,
Oceania,Australia,131415,39943525,0.012
Europe,Austria,762538,90377770,0.005
Asia,Azerbaijan,492790,4952737,0.087
North America,Bahamas,21580,147633,0.178
Asia,Bahrain,275734,6612314,0.004
Asia,Bangladesh,1562958,9907321,0.035
North America,Barbados,11132,,
Europe,Belarus,559715,,
Europe,Belgium,1266562,20514883,0.051
North America,Belize,22187,278894,0.076
Africa,Benin,24335,,
North America,Bermuda,,,
Asia,Bhutan,2613,1160858,0.001
South America,Bolivia,504121,2456130,0.055
Europe,Bosnia and Herzegovina,241227,1253492,0.238
Africa,Botswana,181251,,
South America,Brazil,21582738,,
North America,British Virgin Islands,,,
Asia,Brunei,9167,,
Europe,Bulgaria,524333,4990220,0.126
Africa,Burkina Faso,14516,,
Africa,Burundi,19257,,
Asia,Cambodia,115068,,
Africa,Cameroon,95399,,
North America,Canada,1668009,44186056,0.036
Africa,Cape Verde,37902,,
North America,Cayman Islands,,,
Africa,Central African Republic,11401,,
Africa,Chad,5061,,
South America,Chile,1663383,22194480,0.016
Asia,China,96512,,
South America,Colombia,4973325,25954762,0.037
Africa,Comoros,4166,,
Africa,Congo,14833,,
Oceania,Cook Islands,,,
North America,Costa Rica,546595,1927328,0.281
Africa,Cote d'Ivoire,60829,1029903,0.021
Europe,Croatia,418028,2913176,0.143
North America,Cuba,921328,,
North America,Curacao,,,
Europe,Cyprus,121364,13835984,0.002
Europe,Czechia,1700078,,0.015
Africa,Democratic Republic of Congo,57247,,
Europe,Denmark,366388,41501675,0.015
Africa,Djibouti,13229,,
North America,Dominica,4020,,
North America,Dominican Republic,366191,,
South America,Ecuador,512044,1761061,0.105
Africa,Egypt,313259,,
North America,El Salvador,107664,,
Africa,Equatorial Guinea,12786,230491,0.049
Africa,Eritrea,6755,,
Europe,Estonia,165345,1997046,0.143
Africa,Eswatini,46284,,
Africa,Ethiopia,355001,3557710,0.107
Europe,Faeroe Islands,,,
Oceania,Fiji,51535,,
Europe,Finland,147297,7224917,0.049
Europe,France,7157206,,0.01
Oceania,French Polynesia,,,
Africa,Gabon,32576,1188832,0.013
Africa,Gambia,9941,,
Asia,Georgia,635583,8900000,0.055
Europe,Germany,4323346,75158696,0.066
Africa,Ghana,128368,,
Europe,Gibraltar,,,
Europe,Greece,679157,21991126,0.012
North America,Greenland,,,
North America,Grenada,5653,,
North America,Guatemala,579774,2228737,0.165
Europe,Guernsey,,,
Africa,Guinea,30523,,
Africa,Guinea-Bissau,6119,,
South America,Guyana,33748,,
North America,Haiti,22614,,
North America,Honduras,370262,,
Asia,Hong Kong,12268,25906063,0
Europe,Hungary,829456,6620866,0.05
Europe,Iceland,12243,650933,
Asia,India,33985920,583631490,0.014
Asia,Indonesia,4228552,,
Asia,Iran,5716394,33350660,0.106
Asia,Iraq,2024705,15338457,0.107
Europe,Ireland,404514,7668724,0.073
Europe,Isle of Man,,,
Asia,Israel,1307870,28327710,0.021
Europe,Italy,4701832,95331171,0.009
North America,Jamaica,86384,617665,0.141
Asia,Japan,1712127,24344819,0.014
Europe,Jersey,,,
Asia,Jordan,834778,10237614,0.036
Asia,Kazakhstan,984398,,
Africa,Kenya,251248,,
Oceania,Kiribati,2,,
Europe,Kosovo,160400,1217376,0.013
Asia,Kuwait,412121,4389988,0.002
Asia,Kyrgyzstan,179338,,
Asia,Laos,28849,612410,0.083
Europe,Latvia,172278,,
Asia,Lebanon,630382,,
Africa,Lesotho,21460,,
Africa,Liberia,5801,,
Africa,Libya,346813,,
Europe,Liechtenstein,3567,69730,0.011
Europe,Lithuania,353289,5381950,0.104
Europe,Luxembourg,79196,3543784,0.044
Asia,Macao,,,
Africa,Madagascar,43610,,
Africa,Malawi,61679,,
Asia,Malaysia,2346303,,
Asia,Maldives,85622,1543706,0.02
Africa,Mali,15490,,
Europe,Malta,37358,1306982,0.012
Oceania,Marshall Islands,4,,
Africa,Mauritania,36432,,
Africa,Mauritius,16291,,
North America,Mexico,3725242,10389202,0.249
Oceania,Micronesia (country),1,,
Europe,Moldova,307182,1822979,0.189
Europe,Monaco,3336,,
Asia,Mongolia,326738,4074039,0.259
Europe,Montenegro,135533,,
North America,Montserrat,,,
Africa,Morocco,939356,8853903,0.052
Africa,Mozambique,150991,901901,0.038
Asia,Myanmar,479848,4376017,0.078
Africa,Namibia,128129,713463,0.037
Asia,Nepal,802861,4256803,0.091
Europe,Netherlands,2065511,13409992,0.063
Oceania,New Caledonia,,,
Oceania,New Zealand,4705,3602589,0.002
North America,Nicaragua,15134,,
Africa,Niger,6115,,
Africa,Nigeria,207978,3142971,0.029
,North America,53474030,,
Europe,North Macedonia,195002,,
Europe,Norway,193734,7864561,0.049
,Oceania,210720,,
Asia,Oman,303978,,
Asia,Pakistan,1259648,19911021,0.022
Oceania,Palau,5,,
Asia,Palestine,443766,,0.778
North America,Panama,469190,3906709,0.034
Oceania,Papua New Guinea,23026,,
South America,Paraguay,460218,1846953,0.013
South America,Peru,2184676,,
Asia,Philippines,2674814,20507811,0.197
Europe,Poland,2923304,20707050,0.035
Europe,Portugal,1075639,19023656,0.016
Asia,Qatar,237483,2723342,
Europe,Romania,1365788,13294804,0.223
Europe,Russia,7687559,195638185,0.049
Africa,Rwanda,98745,2938657,0.01
North America,Saint Kitts and Nevis,2412,46380,0.105
North America,Saint Lucia,12017,,
North America,Saint Vincent and the Grenadines,4096,77176,
Oceania,Samoa,3,,
Europe,San Marino,5470,,
Africa,Sao Tome and Principe,3629,,
Asia,Saudi Arabia,547649,29430910,0.001
Africa,Senegal,73841,828629,0.003
Europe,Serbia,1010868,5874429,0.298
Africa,Seychelles,21769,,
Africa,Sierra Leone,6396,,
Asia,Singapore,129229,20436387,0.054
North America,Sint Maarten (Dutch part),,,
Europe,Slovakia,425971,42271380,0.056
Europe,Slovenia,301644,1626242,0.196
Oceania,Solomon Islands,20,,
Africa,Somalia,21269,,
Africa,South Africa,2912346,17864698,0.046
Asia,South Korea,334163,13721674,0.054
Africa,South Sudan,12114,,
Europe,Spain,4977448,59314343,0.024
Asia,Sri Lanka,527064,5355028,0.134
Africa,Sudan,38827,,
South America,Suriname,44306,,
Europe,Sweden,1157822,,0.03
Europe,Switzerland,850684,10760244,0.033
Asia,Syria,37229,,
Asia,Taiwan,16305,3619373,0
Asia,Tajikistan,17484,,
Africa,Tanzania,25957,,
Asia,Thailand,1720919,14201188,0.223
Asia,Timor,19675,209126,0.025
Africa,Togo,25788,518580,0.038
Oceania,Tonga,,,
North America,Trinidad and Tobago,52847,353373,0.122
Africa,Tunisia,709866,2994047,0.053
Asia,Turkey,7475085,90162700,0.084
North America,Turks and Caicos Islands,,,
Africa,Uganda,124736,1705808,0.032
Europe,Ukraine,2667304,13277259,0.306
Asia,United Arab Emirates,737890,87246490,0
Europe,United Kingdom,8232327,283376305,0.04
North America,United States,44455949,592381867,0.077
South America,Uruguay,390115,3635691,0.015
Asia,Uzbekistan,178637,,
Oceania,Vanuatu,4,,
Europe,Vatican,27,,
South America,Venezuela,384668,,
Asia,Vietnam,843281,24871501,0.055
Oceania,Wallis and Futuna,,,
Asia,Yemen,9402,,
Africa,Zambia,209353,2509600,0.005
Africa,Zimbabwe,131875,1288436,0.038
